case,shape,axis,provider,before-1_median_ms,before-1_p10_ms,before-1_p90_ms,before-2_median_ms,before-2_p10_ms,before-2_p90_ms,after-1_median_ms,after-1_p10_ms,after-1_p90_ms,after-2_median_ms,after-2_p10_ms,after-2_p90_ms,before_mean_median_ms,after_mean_median_ms,before_over_after
compile,,,mlir_cuda,119.807287,117.4379978,122.68917139999999,125.205341,116.4325228,131.066914,115.815084,112.42511040000001,120.7759658,120.354659,118.9903142,130.679426,122.506314,118.08487149999999,1.0374429208740767
launch_one_element,1,,mlir_cuda,0.073191,0.071792,0.078333,0.074621,0.07316,0.082679,0.072465,0.071495,0.077885,0.0725,0.071069,0.077037,0.073906,0.0724825,1.019639223260787
host_to_device,1024,,cuda,0.014674,0.014316,0.014954,0.014724,0.014264,0.016169,0.015049,0.014333,0.076032,0.014714,0.0142,0.072228,0.014699,0.014881499999999999,0.9877364512985923
device_to_host,1024,,cuda,0.013143,0.012791,0.014983,0.013331,0.013104,0.013817,0.013041,0.012763,0.015855,0.013014,0.012684,0.01459,0.013237,0.013027500000000001,1.0160813663404338
add,1024,,cpu,0.004434,0.003891,0.004914,0.004252,0.003774,0.004951,0.004421,0.003818,0.004904,0.004603,0.0039,0.00511,0.004343,0.004512,0.9625443262411346
add,1024,,cuda,0.016959,0.015688,0.018118,0.017417,0.016098,0.018849,0.017051,0.015636,0.024557,0.016916,0.01574,0.018277,0.017188,0.0169835,1.0120410987134572
exp,1024,,cpu,0.005808,0.005254,0.010236,0.005754,0.005238,0.005959,0.005675,0.005306,0.005824,0.005851,0.005359,0.006065,0.005781,0.005763000000000001,1.0031233732431024
exp,1024,,cuda,0.016476,0.014897,0.028368,0.016235,0.014937,0.017766,0.015106,0.014321,0.016339,0.015917,0.014543,0.016478,0.016355500000000002,0.015511500000000001,1.0544112432711215
gelu,1024,,cpu,0.012984,0.012405,0.013324,0.012904,0.012438,0.020906,0.012989,0.012429,0.013137,0.013093,0.012514,0.013274,0.012944,0.013041,0.992561920098152
gelu,1024,,cuda,0.01609,0.014883,0.017248,0.016748,0.014992,0.023983,0.01531,0.014542,0.01651,0.015875,0.014498,0.016517,0.016419,0.0155925,1.053006253006253
silu,1024,,cpu,0.00649,0.006032,0.006808,0.006488,0.006022,0.006812,0.006441,0.005984,0.006653,0.006615,0.006059,0.014935,0.006489,0.006528,0.9940257352941176
silu,1024,,cuda,0.016043,0.014908,0.017138,0.016482,0.014923,0.017899,0.015749,0.014431,0.017316,0.016108,0.014685,0.02894,0.0162625,0.015928499999999998,1.0209687038955333
expression_resident,1024,,cpu,0.007116,0.006107,0.008221,0.007092,0.006213,0.007666,0.007058,0.005944,0.007433,0.007007,0.005947,0.007463,0.007104,0.0070325000000000006,1.0101670814077497
expression_resident,1024,,cuda_separate,0.031356,0.030379,0.045781,0.032267,0.030742,0.035863,0.030549,0.029391,0.032267,0.030398,0.029555,0.031341,0.0318115,0.0304735,1.0439070011649465
expression_resident,1024,,cuda_fused,0.077142,0.07378,0.093129,0.078214,0.073723,0.087628,0.075874,0.072226,0.08286,0.076151,0.07253,0.078049,0.077678,0.0760125,1.0219108699227102
expression_end_to_end,1024,,cuda_separate,0.081677,0.071538,0.099921,0.073244,0.070816,0.094463,0.070728,0.06883,0.074314,0.070562,0.068876,0.072434,0.0774605,0.070645,1.0964753344185718
expression_end_to_end,1024,,cuda_fused,0.128081,0.118591,0.173487,0.122491,0.119332,0.140014,0.118559,0.116226,0.126089,0.118718,0.115924,0.12969,0.125286,0.11863850000000001,1.056031558052403
host_to_device,16384,,cuda,0.03168,0.029527,0.036391,0.028153,0.027231,0.031441,0.027194,0.026767,0.027563,0.027091,0.026607,0.027669,0.0299165,0.0271425,1.1022013447545362
device_to_host,16384,,cuda,0.026062,0.02486,0.028308,0.025062,0.024617,0.026751,0.02588,0.024464,0.030565,0.025124,0.024303,0.026529,0.025562,0.025502,1.0023527566465376
add,16384,,cpu,0.015254,0.014381,0.015866,0.016487,0.014942,0.021333,0.014371,0.013722,0.0146,0.014532,0.013806,0.015232,0.015870500000000003,0.014451499999999999,1.0981904992561329
add,16384,,cuda,0.01887,0.016638,0.019877,0.021269,0.017998,0.030305,0.017716,0.016388,0.018498,0.017256,0.016208,0.018641,0.0200695,0.017486,1.1477467688436462
exp,16384,,cpu,0.070776,0.048829,0.176167,0.047914,0.047349,0.049211,0.047918,0.047291,0.052897,0.048087,0.047378,0.050731,0.059345,0.048002500000000003,1.2362897765741367
exp,16384,,cuda,0.026807,0.018607,0.072445,0.016877,0.015563,0.019762,0.01655,0.014977,0.017343,0.016928,0.015036,0.027315,0.021842,0.016738999999999997,1.3048569209630207
gelu,16384,,cpu,0.17192,0.160642,0.244793,0.160564,0.154811,0.175283,0.160328,0.159845,0.168927,0.182125,0.160357,0.248843,0.166242,0.1712265,0.9708894359225937
gelu,16384,,cuda,0.020218,0.016697,0.026018,0.01872,0.015984,0.031482,0.017087,0.015297,0.019293,0.019806,0.01586,0.027047,0.019469,0.0184465,1.0554305694847261
silu,16384,,cpu,0.057887,0.057196,0.077286,0.057782,0.057148,0.082365,0.0576,0.057094,0.058005,0.085307,0.061075,0.180874,0.0578345,0.0714535,0.8094005192187925
silu,16384,,cuda,0.017382,0.015582,0.022206,0.017821,0.015668,0.022564,0.016939,0.015243,0.018264,0.022063,0.018942,0.031267,0.0176015,0.019500999999999998,0.9025947387313472
expression_resident,16384,,cpu,0.027897,0.026541,0.037286,0.027684,0.026276,0.033777,0.027089,0.025943,0.028811,0.031661,0.026942,0.037721,0.027790500000000003,0.029375,0.9460595744680853
expression_resident,16384,,cuda_separate,0.033726,0.031695,0.043307,0.033768,0.031915,0.03854,0.032416,0.030718,0.034313,0.039606,0.031531,0.047684,0.033747,0.036011,0.9371303212907167
expression_resident,16384,,cuda_fused,0.080343,0.075413,0.12983,0.079991,0.076094,0.100291,0.077794,0.07486,0.079471,0.098716,0.081954,0.121509,0.080167,0.088255,0.908356467055691
expression_end_to_end,16384,,cuda_separate,0.110491,0.104608,0.129818,0.132915,0.111001,0.142806,0.103908,0.101917,0.110938,0.109513,0.107692,0.123909,0.121703,0.1067105,1.1404969520337738
expression_end_to_end,16384,,cuda_fused,0.160279,0.154466,0.200951,0.209035,0.173896,0.224061,0.155238,0.150976,0.179181,0.163571,0.158098,0.18131,0.18465700000000002,0.1594045,1.158417736011217
host_to_device,262144,,cuda,0.313984,0.293755,0.360088,0.312104,0.295318,0.342722,0.299148,0.292996,0.320741,0.30597,0.300375,0.337647,0.313044,0.302559,1.0346543979851863
device_to_host,262144,,cuda,0.264523,0.255224,0.294568,0.264158,0.255346,0.291093,0.260825,0.252982,0.279618,0.267657,0.260664,0.289708,0.2643405,0.26424099999999995,1.0003765501947088
add,262144,,cpu,0.198584,0.188097,0.246743,0.200606,0.189106,0.260341,0.194038,0.185415,0.209003,0.194983,0.187542,0.221801,0.19959500000000002,0.19451049999999998,1.0261399770192356
add,262144,,cuda,0.232819,0.135342,0.260892,0.194383,0.13763,0.260243,0.190733,0.131305,0.245164,0.190109,0.134432,0.24522,0.21360099999999999,0.190421,1.1217302713461224
exp,262144,,cpu,1.13259,0.753307,1.777409,0.776157,0.75503,0.833367,0.756368,0.745583,0.898425,0.759334,0.750209,1.033263,0.9543735,0.757851,1.2593154854978088
exp,262144,,cuda,0.188453,0.128705,0.281444,0.149687,0.13094,0.246602,0.182692,0.124794,0.239514,0.189987,0.12858,0.249978,0.16907,0.1863395,0.9073223873628512
gelu,262144,,cpu,2.713683,2.561663,3.508533,2.584928,2.562335,2.638309,2.563178,2.553193,2.635503,2.634782,2.557367,3.198248,2.6493055,2.59898,1.0193635580112197
gelu,262144,,cuda,0.190696,0.131955,0.252896,0.189773,0.133371,0.248779,0.184122,0.126078,0.243081,0.184923,0.131084,0.246744,0.1902345,0.1845225,1.030955574523432
silu,262144,,cpu,0.978322,0.916524,1.802401,0.91752,0.909968,1.143001,0.912106,0.904649,1.07785,0.916722,0.9084,1.33512,0.947921,0.9144140000000001,1.0366431397594524
silu,262144,,cuda,0.1868,0.13069,0.241885,0.186703,0.130911,0.249551,0.183653,0.127001,0.244644,0.184613,0.131593,0.251895,0.18675150000000001,0.184133,1.0142206991685359
expression_resident,262144,,cpu,0.398385,0.381517,0.442626,0.394054,0.381841,0.435199,0.39512,0.377915,0.441121,0.408353,0.387195,0.516516,0.3962195,0.40173650000000005,0.986267117874527
expression_resident,262144,,cuda_separate,0.348432,0.258673,0.462472,0.334494,0.266372,0.409021,0.335042,0.255769,0.445706,0.377536,0.257811,0.436507,0.341463,0.35628899999999997,0.9583877133450656
expression_resident,262144,,cuda_fused,0.247816,0.236634,0.320466,0.249108,0.237623,0.302431,0.250874,0.236345,0.300766,0.265155,0.238694,0.370655,0.24846200000000002,0.2580145,0.9629768869579036
expression_end_to_end,262144,,cuda_separate,1.390093,1.330105,1.550577,1.370025,1.323914,1.574798,1.387403,1.312434,1.69811,1.675234,1.431478,2.024935,1.3800590000000001,1.5313184999999998,0.9012227044863628
expression_end_to_end,262144,,cuda_fused,1.356795,1.30229,1.575345,1.339816,1.300524,1.522959,1.344748,1.277104,1.664408,1.54581,1.399923,2.030711,1.3483055,1.445279,0.9329032664281429
host_to_device,1048576,,cuda,0.872292,0.81553,0.919209,0.86323,0.829385,0.915457,0.820401,0.80272,0.92177,0.964728,0.834216,1.121406,0.867761,0.8925645,0.9722109718681395
device_to_host,1048576,,cuda,0.816657,0.744856,0.913383,0.804275,0.767612,0.931343,0.760767,0.755369,0.851725,0.879265,0.784806,1.217954,0.8104659999999999,0.820016,0.9883538857778384
add,1048576,,cpu,0.827198,0.736394,1.163494,0.822154,0.754389,0.971869,0.754061,0.729076,0.878829,1.077165,0.800466,1.396988,0.824676,0.915613,0.9006818382875734
add,1048576,,cuda,0.363132,0.279125,0.411909,0.357268,0.281743,0.412773,0.357562,0.277657,0.410148,0.409189,0.281006,0.423718,0.36019999999999996,0.3833755,0.9395488235424537
exp,1048576,,cpu,3.165575,3.022215,4.816372,3.073361,3.017871,3.560475,3.016335,2.979942,3.259804,3.68704,3.026774,6.396165,3.119468,3.3516875,0.9307156469688775
exp,1048576,,cuda,0.340185,0.261718,0.350711,0.340239,0.265611,0.346976,0.342844,0.260801,0.396966,0.393799,0.263807,0.404377,0.340212,0.36832149999999997,0.9236821635446207
gelu,1048576,,cpu,10.766845,10.256914,12.14465,10.487966,10.210592,11.960282,10.374586,10.231749,11.158334,11.459586,10.250921,13.140887,10.6274055,10.917086000000001,0.9734654009320801
gelu,1048576,,cuda,0.343103,0.267453,0.398546,0.343136,0.264862,0.398449,0.344446,0.2613,0.399519,0.342397,0.267554,0.4035,0.3431195,0.3434215,0.9991206141723801
silu,1048576,,cpu,3.851763,3.649193,4.976308,3.955769,3.6308,6.341915,3.665988,3.61086,4.21692,3.796429,3.619982,4.821065,3.903766,3.7312085,1.0462470805370432
silu,1048576,,cuda,0.342748,0.261961,0.3979,0.343235,0.266535,0.398893,0.342857,0.261209,0.400614,0.34257,0.267527,0.398121,0.3429915,0.3427135,1.0008111731810974
expression_resident,1048576,,cpu,1.845805,1.551944,2.097308,1.78779,1.544769,2.098882,1.577498,1.533287,1.930049,1.788951,1.547278,2.141012,1.8167974999999998,1.6832245000000001,1.0793554276330932
expression_resident,1048576,,cuda_separate,0.536372,0.481132,0.611834,0.529666,0.476541,0.601236,0.52681,0.457285,0.592198,0.526764,0.466223,0.585708,0.5330189999999999,0.526787,1.0118302084144064
expression_resident,1048576,,cuda_fused,0.413269,0.401876,0.460833,0.453746,0.404286,0.46981,0.454242,0.405803,0.457304,0.453581,0.402731,0.465585,0.4335075,0.4539115,0.9550485061515295
expression_end_to_end,1048576,,cuda_separate,3.225866,3.095886,3.405419,3.222332,3.08544,3.605229,3.047164,2.999095,3.293756,3.269549,3.08894,3.645598,3.224099,3.1583565,1.0208154145993336
expression_end_to_end,1048576,,cuda_fused,3.161054,3.008075,3.38853,3.14226,3.01675,3.502083,3.008346,2.939051,3.142356,3.216515,2.975218,3.761327,3.151657,3.1124305,1.0126031729865133
host_to_device,16777216,,cuda,11.880822,11.674418,12.845597,11.616307,11.343388,12.530325,11.642188,11.394438,12.691785,11.838059,11.604788,13.202325,11.7485645,11.7401235,1.0007189873258149
device_to_host,16777216,,cuda,43.192192,42.126032,47.426928,41.307444,40.807145,42.685708,42.543514,41.521297,46.367856,42.616905,41.798619,44.616173,42.249818,42.5802095,0.9922407262932794
add,16777216,,cpu,47.744067,46.822286,52.564428,46.733373,45.978349,49.140221,46.550625,45.83378,48.687315,47.979735,47.145216,52.662351,47.23872,47.26518,0.9994401798533297
add,16777216,,cuda,3.006523,1.026434,3.02034,3.004022,1.021886,3.017935,3.003189,1.017759,3.017459,3.005929,1.025173,3.027088,3.0052725000000002,3.004559,1.0002374724543603
exp,16777216,,cpu,84.543108,81.636013,91.67465,81.064362,79.789162,82.850543,81.667166,79.596258,85.775685,83.519655,80.869134,94.348661,82.803735,82.5934105,1.0025465046028097
exp,16777216,,cuda,2.740826,0.77174,2.755784,2.73848,0.757737,2.754128,2.741141,0.758576,2.770027,2.737633,0.769412,2.772144,2.739653,2.739387,1.000097102015889
gelu,16777216,,cpu,208.014964,200.223259,227.350176,197.07362,194.66204,203.701061,198.055627,194.989917,207.669701,204.194478,199.198711,225.804404,202.54429199999998,201.12505249999998,1.0070565028193095
gelu,16777216,,cuda,2.736474,0.780405,2.764782,2.735465,0.781559,2.755388,2.739778,0.780133,2.765905,2.742332,0.794708,2.772277,2.7359695,2.7410550000000002,0.9981446924633033
silu,16777216,,cpu,97.416533,90.485382,112.405588,92.423625,89.444273,105.979075,92.864196,89.284359,100.894012,101.570146,90.691982,116.904231,94.920079,97.21717100000001,0.9763715403732536
silu,16777216,,cuda,2.737707,0.759795,2.748754,2.730582,0.767498,2.746281,2.738736,0.757836,2.750103,2.74203,0.770089,2.772829,2.7341445,2.740383,0.9977234933949014
expression_resident,16777216,,cpu,96.680524,95.594846,102.44975,98.745844,96.820655,101.920207,99.784912,97.051789,103.436053,99.256816,97.380174,101.820124,97.71318400000001,99.520864,0.9818361705541464
expression_resident,16777216,,cuda_separate,5.384416,1.984198,5.42253,5.38475,1.994353,5.446723,5.384668,1.992239,5.534779,5.38744,2.007744,5.472575,5.384583,5.386054,0.999726887253637
expression_resident,16777216,,cuda_fused,3.584502,3.578208,3.624349,3.601507,3.582111,3.633016,3.596058,3.587275,3.671234,3.60715,3.58237,3.669078,3.5930045,3.601604,0.9976123138468305
expression_end_to_end,16777216,,cuda_separate,65.169335,64.300355,66.161415,66.144128,65.048314,70.158795,68.507387,66.785181,70.561874,67.610242,65.739847,70.093364,65.6567315,68.0588145,0.9647057766485193
expression_end_to_end,16777216,,cuda_fused,64.84307,63.957755,66.086655,65.504007,64.418877,69.028894,67.752023,65.639948,71.903814,67.269094,65.73349,70.191047,65.1735385,67.5105585,0.9653828963657589
sum,32x128,1,cpu,0.006588,0.005879,0.006926,0.006389,0.005774,0.006591,0.010097,0.0091,0.010672,0.006411,0.005901,0.006825,0.0064884999999999995,0.008254000000000001,0.7861037072934334
sum,32x128,1,cuda,0.023267,0.022015,0.026888,0.023307,0.022059,0.026872,0.030548,0.027977,0.03491,0.022996,0.021788,0.026777,0.023287000000000002,0.026771999999999997,0.8698266845958466
max,32x128,1,cpu,0.007438,0.00678,0.007655,0.00735,0.006801,0.007758,0.010394,0.009455,0.011195,0.007397,0.006887,0.007666,0.0073939999999999995,0.0088955,0.8312067899499745
max,32x128,1,cuda,0.0582,0.057619,0.059142,0.05829,0.057504,0.059433,0.063821,0.061573,0.116418,0.057817,0.056624,0.058549,0.058245000000000005,0.060819,0.9576776994031472
mean,32x128,1,cpu,0.006678,0.006069,0.006929,0.009328,0.007284,0.011638,0.009944,0.00923,0.010767,0.006618,0.006012,0.007599,0.008003,0.008281,0.966429175220384
mean,32x128,1,cuda,0.023233,0.022146,0.024066,0.030317,0.026125,0.034792,0.030168,0.028485,0.033344,0.023343,0.021999,0.030676,0.026775,0.0267555,1.0007288221113415
softmax,32x128,1,cpu,0.035571,0.03474,0.043276,0.035559,0.034832,0.03766,0.06316,0.061899,0.064954,0.035603,0.034663,0.057431,0.035565,0.049381499999999995,0.7202089851462593
softmax,32x128,1,cuda,0.122605,0.121284,0.130698,0.123357,0.121397,0.134156,0.130481,0.128185,0.135897,0.12081,0.119253,0.124185,0.12298100000000001,0.12564550000000002,0.9787935103127449
rmsnorm,32x128,1,cpu,0.011628,0.010853,0.014217,0.011753,0.010806,0.013966,0.016273,0.015167,0.017017,0.012032,0.010912,0.015557,0.0116905,0.014152499999999998,0.8260378025083908
rmsnorm,32x128,1,cuda,0.063,0.06165,0.067251,0.063993,0.061984,0.069895,0.071603,0.06855,0.080222,0.06363,0.061083,0.075489,0.0634965,0.0676165,0.9390681268625262
layernorm,32x128,1,cpu,0.015762,0.014612,0.020039,0.015254,0.014388,0.016613,0.020573,0.019752,0.021587,0.015184,0.014475,0.01557,0.015508000000000001,0.0178785,0.8674105769499679
layernorm,32x128,1,cuda,0.073224,0.07061,0.08026,0.071322,0.069387,0.076558,0.078327,0.075754,0.084653,0.069687,0.068397,0.071287,0.072273,0.07400699999999999,0.9765697839393572
sum,32x4096,1,cpu,0.128998,0.127831,0.134078,0.129391,0.1285,0.130332,0.143936,0.134085,0.159579,0.129092,0.127927,0.134179,0.1291945,0.13651400000000002,0.9463827885784606
sum,32x4096,1,cuda,0.205995,0.204653,0.212558,0.205829,0.204187,0.207551,0.095623,0.088027,0.110383,0.085154,0.08363,0.090123,0.205912,0.0903885,2.278077410290026
max,32x4096,1,cpu,0.130464,0.128746,0.149033,0.135224,0.130022,0.141264,0.150918,0.139558,0.1615,0.1319,0.128794,0.137937,0.13284400000000002,0.141409,0.9394310121703712
max,32x4096,1,cuda,1.348041,1.346179,1.467004,1.348194,1.344356,1.371048,0.378302,0.370881,0.387019,0.364858,0.362718,0.423242,1.3481174999999999,0.37158,3.628067979977393
mean,32x4096,1,cpu,0.128628,0.127809,0.135091,0.128994,0.127836,0.135679,0.131189,0.12801,0.134028,0.128677,0.127793,0.136205,0.128811,0.12993300000000002,0.9913647803098519
mean,32x4096,1,cuda,0.182776,0.180781,0.220358,0.205774,0.20407,0.215711,0.086206,0.084573,0.089898,0.085161,0.083824,0.088361,0.194275,0.0856835,2.2673560253724463
softmax,32x4096,1,cpu,0.991422,0.983506,1.004006,1.001333,0.99582,1.097905,1.009727,0.995279,1.275458,1.027474,1.006552,2.418736,0.9963775,1.0186005,0.9781828106308607
softmax,32x4096,1,cuda,3.038685,2.951328,3.210411,3.15012,3.091454,3.485251,0.579102,0.502707,0.638811,0.571548,0.51843,0.651758,3.0944025,0.575325,5.378529526789206
rmsnorm,32x4096,1,cpu,0.244305,0.240666,0.255503,0.252148,0.244061,0.274087,0.251518,0.245173,0.270548,0.24904,0.244407,0.255764,0.2482265,0.25027900000000003,0.9917991521462046
rmsnorm,32x4096,1,cuda,1.327723,1.300547,1.498336,1.351338,1.323398,1.554626,0.23123,0.182551,0.270123,0.217764,0.162054,0.285049,1.3395305,0.224497,5.966808019706276
layernorm,32x4096,1,cpu,0.343109,0.337553,0.348799,0.351326,0.341398,0.365671,0.356835,0.346897,0.37395,0.348547,0.342223,0.357296,0.3472175,0.352691,0.9844807494378933
layernorm,32x4096,1,cuda,1.515522,1.485587,1.553464,1.551199,1.507093,1.730261,0.297376,0.239171,0.317433,0.268012,0.221361,0.297105,1.5333605000000001,0.282694,5.424099910150198
sum,32x4096,0,cpu,0.143804,0.14287,0.20328,0.166583,0.165416,0.177409,0.161595,0.155225,0.166988,0.13484,0.132528,0.14456,0.15519349999999998,0.1482175,1.0470659672440839
sum,32x4096,0,cuda,0.019101,0.017585,0.020742,0.01939,0.017445,0.027111,0.020003,0.018182,0.023601,0.019717,0.018138,0.033036,0.0192455,0.01986,0.9690584088620342
max,32x4096,0,cpu,0.173415,0.172457,0.177559,0.213951,0.212569,0.238805,0.195893,0.193195,0.205722,0.167782,0.166848,0.175133,0.193683,0.18183749999999999,1.0651433285213447
max,32x4096,0,cuda,0.025302,0.024367,0.026392,0.026459,0.024693,0.030934,0.02889,0.026409,0.044064,0.027205,0.026206,0.028524,0.0258805,0.0280475,0.9227382119618505
mean,32x4096,0,cpu,0.147695,0.146822,0.153996,0.17153,0.169431,0.204059,0.165185,0.159819,0.174061,0.137917,0.13674,0.151826,0.1596125,0.151551,1.0531933144617984
mean,32x4096,0,cuda,0.018958,0.017328,0.025537,0.020198,0.017612,0.060078,0.020971,0.018224,0.026173,0.019564,0.018073,0.022673,0.019577999999999998,0.0202675,0.9659800172690266
softmax,32x4096,0,cpu,1.764686,1.749907,1.794752,1.999551,1.975097,2.301117,1.958187,1.933302,2.171891,1.629894,1.597616,1.731634,1.8821185,1.7940405,1.049094766812678
softmax,32x4096,0,cuda,0.047379,0.039703,0.116101,0.073552,0.045947,0.132089,0.071146,0.048179,0.101585,0.069904,0.043101,0.129296,0.060465500000000005,0.070525,0.8573626373626374
rmsnorm,32x4096,0,cpu,0.459717,0.447548,0.523854,0.542485,0.531718,0.626654,0.516998,0.495459,0.536186,0.419474,0.396953,0.427563,0.501101,0.468236,1.0701889645392495
rmsnorm,32x4096,0,cuda,0.040592,0.027329,0.075847,0.061337,0.03267,0.112792,0.047912,0.031801,0.087346,0.057329,0.031767,0.070614,0.0509645,0.0526205,0.9685293754335288
layernorm,32x4096,0,cpu,0.581179,0.561961,0.639677,0.744194,0.724136,0.793587,0.716606,0.669029,0.777945,0.498123,0.481721,0.546304,0.6626865,0.6073645,1.0910853367294269
layernorm,32x4096,0,cuda,0.038262,0.030067,0.061753,0.060845,0.037974,0.115176,0.060975,0.036175,0.110995,0.054295,0.036457,0.11103,0.0495535,0.057635000000000006,0.8597813828402879
sum,1x65536,1,cpu,0.067512,0.066616,0.071519,0.071465,0.06716,0.076659,0.068797,0.066865,0.076207,0.067723,0.066618,0.071999,0.06948850000000001,0.06826,1.017997363023733
sum,1x65536,1,cuda,1.749081,1.747274,2.700243,1.759654,1.75047,2.722646,1.093425,1.087344,1.166059,1.068401,1.065033,1.084645,1.7543675,1.080913,1.6230422799984827
max,1x65536,1,cpu,0.075046,0.069496,0.077735,0.077945,0.071004,0.088366,0.073583,0.067763,0.081754,0.072625,0.06725,0.075549,0.0764955,0.073104,1.0463928102429414
max,1x65536,1,cuda,17.291041,17.217603,17.387999,17.303567,17.235235,17.625219,5.072787,4.975101,5.693318,5.032136,4.971369,5.48578,17.297304,5.0524615,3.4235399913487714
mean,1x65536,1,cpu,0.06757,0.066741,0.072652,0.068527,0.066927,0.073637,0.06889,0.067138,0.075174,0.067886,0.066724,0.071507,0.06804850000000001,0.068388,0.9950356787740541
mean,1x65536,1,cuda,1.748974,1.747717,1.768086,1.750996,1.74813,2.67907,0.971326,0.969668,0.982961,0.970905,0.967984,0.978842,1.7499850000000001,0.9711155,1.8020359061306304
softmax,1x65536,1,cpu,0.50014,0.490588,0.544978,0.500596,0.49273,0.522146,0.51188,0.497453,0.935506,0.515205,0.495262,1.153755,0.500368,0.5135425,0.9743458428465025
softmax,1x65536,1,cuda,38.396267,38.393368,38.413366,38.402207,38.396962,38.412014,5.534416,5.492716,5.653332,5.50641,5.491451,5.607705,38.399237,5.520413,6.955863084881512
rmsnorm,1x65536,1,cpu,0.128745,0.120924,0.12987,0.129757,0.12328,0.153674,0.12956,0.123206,0.169795,0.123931,0.119583,0.134538,0.129251,0.1267455,1.0197679602037153
rmsnorm,1x65536,1,cuda,15.204619,15.199315,15.213514,15.207201,14.193953,15.230012,1.001891,0.991424,1.088428,0.991152,0.987049,1.010529,15.20591,0.9965215000000001,15.258988391118503
layernorm,1x65536,1,cpu,0.177808,0.168236,0.189693,0.17943,0.17008,0.208293,0.175526,0.167271,0.206493,0.173811,0.168218,0.185208,0.178619,0.1746685,1.0226171290186838
layernorm,1x65536,1,cuda,16.865911,16.334957,16.89788,16.873574,16.344406,16.948824,1.629904,1.621866,1.656102,1.628204,1.617529,1.643373,16.8697425,1.629054,10.355545304207228
matmul,32x64x128,,cpu,0.17091,0.169004,0.197736,0.169583,0.168526,0.174885,0.16961,0.168609,0.188953,0.16911,0.168301,0.174858,0.17024650000000002,0.16936,1.0052344119036374
matmul,32x64x128,,cuda_custom,0.024519,0.022109,0.032016,0.02392,0.022046,0.034306,0.024383,0.021884,0.032331,0.02275,0.021479,0.024163,0.024219499999999998,0.023566499999999997,1.0277088239662233
matmul,129x67x65,,cpu,0.360791,0.359928,0.369579,0.370039,0.360499,0.424832,0.37579,0.36037,0.517792,0.364862,0.360077,0.393995,0.365415,0.37032600000000004,0.9867387112976133
matmul,129x67x65,,cuda_custom,0.025423,0.02467,0.027121,0.030276,0.025789,0.054055,0.027114,0.0246,0.039773,0.02747,0.024327,0.034724,0.0278495,0.027292,1.0204272314231275
matmul,256x256x256,,cpu,15.076107,14.995484,15.205705,15.768021,15.271051,19.337688,15.390463,15.201991,16.209915,15.928446,15.688372,16.922145,15.422063999999999,15.659454499999999,0.9848404361722818
matmul,256x256x256,,cuda_custom,0.112557,0.108426,0.189184,0.14512,0.114831,0.203507,0.149455,0.108781,0.194497,0.156097,0.112265,0.196498,0.1288385,0.15277600000000002,0.8433163585903544
mlp_resident,32x64x128x10,,cpu,0.26098,0.259414,0.266221,0.266874,0.260672,0.315784,0.261215,0.259288,0.266282,0.261898,0.25957,0.271655,0.263927,0.26155649999999997,1.009063051386603
mlp_resident,32x64x128x10,,cuda,0.138574,0.134706,0.139831,0.144752,0.135915,0.18438,0.138294,0.133463,0.140095,0.139246,0.134191,0.183964,0.14166299999999998,0.13877,1.0208474454132737
mlp_end_to_end,32x64x128x10,,cuda,0.193635,0.192877,0.196334,0.196129,0.194443,0.221808,0.192323,0.190522,0.286265,0.19315,0.190936,0.197386,0.194882,0.19273649999999998,1.0111317783606115
